radius_um,baseline_oxygen_mol_m3,scaled_oxygen_mol_m3
0.9375,0.007896437256547442,0.007896437256547442
2.8125000000000004,0.007901607915533104,0.007901607915533104
4.6875,0.007911952543341459,0.007911952543341459
6.562500000000001,0.007927477965431484,0.007927477965431484
8.4375,0.007948194382824266,0.007948194382824266
10.3125,0.007974115371669092,0.007974115371669092
12.187500000000002,0.00800525786796945,0.00800525786796945
14.0625,0.00804164214649585,0.00804164214649585
15.937500000000002,0.008083291795034326,0.008083291795034326
17.8125,0.008130233684248653,0.008130233684248653
19.6875,0.008182497933264745,0.008182497933264745
21.562500000000004,0.008240117871043711,0.008240117871043711
23.4375,0.008303129993600541,0.008303129993600541
25.3125,0.00837157391712604,0.00837157391712604
27.187500000000004,0.008445492327074153,0.008445492327074153
29.0625,0.0085249309232834,0.0085249309232834
30.937500000000004,0.008609938361208538,0.008609938361208538
32.8125,0.008700566189346899,0.008700566189346899
34.6875,0.008796868782952511,0.008796868782952511
36.5625,0.008898903274140384,0.008898903274140384
38.4375,0.009006729478492882,0.009006729478492882
40.31250000000001,0.009120409818289835,0.009120409818289835
42.1875,0.009240009242494105,0.009240009242494105
44.06250000000001,0.009365595143634399,0.009365595143634399
45.9375,0.009497237271737204,0.009497237271737204
47.8125,0.009635007645469762,0.009635007645469762
49.68750000000001,0.009778980460665864,0.009778980460665864
51.5625,0.009929231996415794,0.009929231996415794
53.43750000000001,0.010085840518910962,0.010085840518910962
55.3125,0.01024888618324249,0.01024888618324249
57.1875,0.010418450933361117,0.010418450933361117
59.06250000000001,0.010594618400413314,0.010594618400413314
60.9375,0.010777473799675093,0.010777473799675093
62.81250000000001,0.010967103826310928,0.010967103826310928
64.6875,0.011163596550190067,0.011163596550190067
66.5625,0.011367041309996356,0.011367041309996356
68.4375,0.011577528606870618,0.011577528606870618
70.3125,0.01179514999782628,0.01179514999782628
72.18750000000001,0.012019997989179503,0.012019997989179503
74.0625,0.012252165930234479,0.012252165930234479
75.93750000000001,0.012491747907462693,0.012491747907462693
77.8125,0.01273883863941201,0.01273883863941201
79.6875,0.012993533372577163,0.012993533372577163
81.5625,0.01325592777845798,0.01325592777845798
83.4375,0.013526117852025114,0.013526117852025114
85.31250000000001,0.013804199811805569,0.013804199811805569
87.1875,0.014090270001791775,0.014090270001791775
89.0625,0.014384424795368434,0.014384424795368434
90.93750000000001,0.014686760501441019,0.014686760501441019
92.8125,0.014997373272938729,0.014997373272938729
94.68750000000001,0.015316359017852811,0.015316359017852811
96.5625,0.015643813312958842,0.015643813312958842
98.4375,0.01597983132035859,0.01597983132035859
100.31250000000001,0.016324507706963896,0.016324507706963896
102.1875,0.016677936567031378,0.016677936567031378
104.06250000000001,0.017040211347843073,0.017040211347843073
105.9375,0.017411424778614355,0.017411424778614355
107.8125,0.01779166880269657,0.01779166880269657
109.68750000000001,0.018181034513128316,0.018181034513128316
111.5625,0.01857961209157569,0.01857961209157569
113.43750000000001,0.018987490750688764,0.018987490750688764
115.3125,0.019404758679888678,0.019404758679888678
117.1875,0.019831502994587392,0.019831502994587392
119.06250000000001,0.020267809688830327,0.020267809688830327
120.9375,0.020713763591340726,0.020713763591340726
122.81250000000001,0.02116944832493399,0.02116944832493399
124.6875,0.021634946269260064,0.021634946269260064
126.5625,0.02211033852682273,0.02211033852682273
128.4375,0.022595704892215792,0.022595704892215792
130.3125,0.02309112382450844,0.02309112382450844
132.1875,0.023596672422704607,0.023596672422704607
134.0625,0.024112426404194816,0.024112426404194816
135.9375,0.02463846008611323,0.02463846008611323
137.8125,0.025174846369507467,0.025174846369507467
139.6875,0.025721656726224562,0.025721656726224562
141.5625,0.026278961188412744,0.026278961188412744
143.4375,0.026846828340535624,0.026846828340535624
145.3125,0.027425325313793297,0.027425325313793297
147.1875,0.02801451778284282,0.02801451778284282
149.0625,0.028614469964709583,0.028614469964709583
150.9375,0.029225244619780474,0.029225244619780474
152.8125,0.029846903054769437,0.029846903054769437
154.6875,0.030479505127546703,0.030479505127546703
156.56250000000003,0.031123109253723448,0.031123109253723448
158.4375,0.03177777241488509,0.03177777241488509
160.3125,0.032443550168367835,0.032443550168367835
162.1875,0.03312049665847513,0.03312049665847513
164.0625,0.0338086646290326,0.0338086646290326
165.93750000000003,0.0345081054371828,0.0345081054371828
167.8125,0.03521886906832357,0.03521886906832357
169.6875,0.035941004152096535,0.035941004152096535
171.5625,0.03667455797933569,0.03667455797933569
173.4375,0.03741957651988863,0.03741957651988863
175.31250000000003,0.038176104441226655,0.038176104441226655
177.1875,0.03894418512776309,0.03894418512776309
179.0625,0.039723860700802555,0.039723860700802555
180.93750000000003,0.04051517203904745,0.04051517203904745
182.8125,0.041318158799591165,0.041318158799591165
184.68750000000003,0.04213285943933112,0.04213285943933112
186.5625,0.04295931123673816,0.04295931123673816
188.4375,0.04379755031392188,0.04379755031392188
190.31250000000003,0.04464761165893538,0.04464761165893538
192.1875,0.045509529148265546,0.045509529148265546
194.06250000000003,0.046383335569458735,0.046383335569458735
195.9375,0.04726906264383445,0.04726906264383445
197.8125,0.04816674104924285,0.04816674104924285
199.68750000000003,0.049076400442824936,0.049076400442824936
201.5625,0.0499980694837368,0.0499980694837368
203.43750000000003,0.050931775855802476,0.050931775855802476
205.3125,0.051877546290062415,0.051877546290062415
207.1875,0.05283540658718693,0.05283540658718693
209.06250000000003,0.05380538163972686,0.05380538163972686
210.9375,0.05478749545417569,0.05478749545417569
212.81250000000003,0.05578177117281961,0.05578177117281961
214.6875,0.05678823109535444,0.05678823109535444
216.5625,0.05780689670024989,0.05780689670024989
218.43750000000003,0.05883778866584386,0.05883778866584386
220.3125,0.05988092689115139,0.05988092689115139
222.18750000000003,0.060936330516374065,0.060936330516374065
224.0625,0.062004017943098066,0.062004017943098066
225.9375,0.06308400685416977,0.06308400685416977
227.81250000000003,0.06417631423323988,0.06417631423323988
229.6875,0.06528095638396804,0.06528095638396804
231.56250000000003,0.06639794894888118,0.06639794894888118
233.4375,0.06752730692788032,0.06752730692788032
235.3125,0.06866904469639111,0.06866904469639111
237.18750000000003,0.06982317602315487,0.06982317602315487
239.0625,0.07098971408765763,0.07098971408765763
240.93750000000003,0.07216867149719561,0.07216867149719561
242.8125,0.07336006030357632,0.07336006030357632
244.6875,0.07456389201945525,0.07456389201945525
246.56250000000003,0.07578017763430876,0.07578017763430876
248.4375,0.07700892763004455,0.07700892763004455
250.31250000000003,0.07825015199625146,0.07825015199625146
252.1875,0.0795038602450911,0.0795038602450911
254.0625,0.08077006142583387,0.08077006142583387
255.93750000000003,0.08204876413904316,0.08204876413904316
257.8125,0.08333997655041084,0.08333997655041084
259.6875,0.08464370640424851,0.08464370640424851
261.5625,0.08595996103663851,0.08595996103663851
263.4375,0.08728874738824965,0.08728874738824965
265.31250000000006,0.0886300720168221,0.0886300720168221
267.1875,0.08998394110932692,0.08998394110932692
269.0625,0.09135036049380521,0.09135036049380521
270.9375,0.09272933565089242,0.09272933565089242
272.8125,0.09412087172503335,0.09412087172503335
274.68750000000006,0.09552497353539346,0.09552497353539346
276.5625,0.09694164558647232,0.09694164558647232
278.4375,0.09837089207842505,0.09837089207842505
280.3125,0.09981271691709744,0.09981271691709744
282.1875,0.10126712372378094,0.10126712372378094
284.06250000000006,0.10273411584469326,0.10273411584469326
285.9375,0.10421369636019069,0.10421369636019069
287.8125,0.1057058680937179,0.1057058680937179
289.6875,0.10721063362050126,0.10721063362050126
291.5625,0.10872799527599178,0.10872799527599178
293.43750000000006,0.11025795516406303,0.11025795516406303
295.3125,0.11180051516497046,0.11180051516497046
297.1875,0.11335567694307742,0.11335567694307742
299.0625,0.11492344195435403,0.11492344195435403
