radius_um,oxygen_mol_m3,shell_volume_fraction
0.9375,0.007896437256547442,2.4414062500000006e-07
2.8125000000000004,0.007901607915533104,1.7089843750000005e-06
4.6875,0.007911952543341459,4.6386718750000024e-06
6.562500000000001,0.007927477965431484,9.033203125000001e-06
8.4375,0.007948194382824266,1.4892578124999996e-05
10.3125,0.007974115371669092,2.2216796875000027e-05
12.187500000000002,0.00800525786796945,3.1005859374999994e-05
14.0625,0.00804164214649585,4.125976562500001e-05
15.937500000000002,0.008083291795034326,5.297851562499999e-05
17.8125,0.008130233684248653,6.616210937499998e-05
19.6875,0.008182497933264745,8.08105468750001e-05
21.562500000000004,0.008240117871043711,9.692382812500011e-05
23.4375,0.008303129993600541,0.0001145019531249998
25.3125,0.00837157391712604,0.00013354492187500015
27.187500000000004,0.008445492327074153,0.00015405273437499984
29.0625,0.0085249309232834,0.00017602539062500024
30.937500000000004,0.008609938361208538,0.00019946289062500004
32.8125,0.008700566189346899,0.0002243652343749999
34.6875,0.008796868782952511,0.00025073242187500025
36.5625,0.008898903274140384,0.00027856445312499957
38.4375,0.009006729478492882,0.00030786132812500025
40.31250000000001,0.009120409818289835,0.00033862304687500054
42.1875,0.009240009242494105,0.00037084960937500003
44.06250000000001,0.009365595143634399,0.0004045410156250009
45.9375,0.009497237271737204,0.0004396972656249983
47.8125,0.009635007645469762,0.0004763183593750001
49.68750000000001,0.009778980460665864,0.0005144042968750007
51.5625,0.009929231996415794,0.0005539550781250005
53.43750000000001,0.010085840518910962,0.0005949707031250012
55.3125,0.01024888618324249,0.0006374511718749976
57.1875,0.010418450933361117,0.000681396484375001
59.06250000000001,0.010594618400413314,0.0007268066406250009
60.9375,0.010777473799675093,0.000773681640625001
62.81250000000001,0.010967103826310928,0.0008220214843749993
64.6875,0.011163596550190067,0.0008718261718749978
66.5625,0.011367041309996356,0.0009230957031250014
68.4375,0.011577528606870618,0.000975830078125
70.3125,0.01179514999782628,0.001030029296875002
72.18750000000001,0.012019997989179503,0.0010856933593750007
74.0625,0.012252165930234479,0.001142822265624996
75.93750000000001,0.012491747907462693,0.001201416015625005
77.8125,0.01273883863941201,0.001261474609374997
79.6875,0.012993533372577163,0.0013229980468749958
81.5625,0.01325592777845798,0.0013859863281250086
83.4375,0.013526117852025114,0.0014504394531249937
85.31250000000001,0.013804199811805569,0.0015163574218750066
87.1875,0.014090270001791775,0.0015837402343749953
89.0625,0.014384424795368434,0.0016525878906250117
90.93750000000001,0.014686760501441019,0.0017229003906249936
92.8125,0.014997373272938729,0.0017946777343749928
94.68750000000001,0.015316359017852811,0.0018679199218750095
96.5625,0.015643813312958842,0.0019426269531249915
98.4375,0.01597983132035859,0.002018798828125015
100.31250000000001,0.016324507706963896,0.0020964355468749904
102.1875,0.016677936567031378,0.0021755371093749934
104.06250000000001,0.017040211347843073,0.0022561035156250103
105.9375,0.017411424778614355,0.0023381347656249926
107.8125,0.01779166880269657,0.0024216308593750166
109.68750000000001,0.018181034513128316,0.002506591796874992
111.5625,0.01857961209157569,0.0025930175781249884
113.43750000000001,0.018987490750688764,0.0026809082031250125
115.3125,0.019404758679888678,0.002770263671874995
117.1875,0.019831502994587392,0.0028610839843750124
119.06250000000001,0.020267809688830327,0.002953369140624995
120.9375,0.020713763591340726,0.003047119140624985
122.81250000000001,0.02116944832493399,0.003142333984375023
124.6875,0.021634946269260064,0.003239013671874985
126.5625,0.02211033852682273,0.0033371582031250097
128.4375,0.022595704892215792,0.0034367675781249996
130.3125,0.02309112382450844,0.0035378417968749826
132.1875,0.023596672422704607,0.003640380859375014
134.0625,0.024112426404194816,0.0037443847656249973
135.9375,0.02463846008611323,0.003849853515625015
137.8125,0.025174846369507467,0.003956787109374985
139.6875,0.025721656726224562,0.004065185546874989
141.5625,0.026278961188412744,0.0041750488281250275
143.4375,0.026846828340535624,0.004286376953124976
145.3125,0.027425325313793297,0.004399169921875029
147.1875,0.02801451778284282,0.004513427734374978
149.0625,0.028614469964709583,0.004629150390624989
150.9375,0.029225244619780474,0.00474633789062498
152.8125,0.029846903054769437,0.004864990234375061
154.6875,0.030479505127546703,0.004985107421874996
156.56250000000003,0.031123109253723448,0.00510668945312498
158.4375,0.03177777241488509,0.005229736328124984
160.3125,0.032443550168367835,0.005354248046874982
162.1875,0.03312049665847513,0.005480224609375084
164.0625,0.0338086646290326,0.005607666015624985
165.93750000000003,0.0345081054371828,0.005736572265624962
167.8125,0.03521886906832357,0.0058669433593749876
169.6875,0.035941004152096535,0.005998779296874979
171.5625,0.03667455797933569,0.006132080078125074
173.4375,0.03741957651988863,0.006266845703124996
175.31250000000003,0.038176104441226655,0.006403076171874966
177.1875,0.03894418512776309,0.006540771484374985
179.0625,0.039723860700802555,0.006679931640625109
180.93750000000003,0.04051517203904745,0.006820556640624975
182.8125,0.041318158799591165,0.006962646484374974
184.68750000000003,0.04213285943933112,0.007106201171874965
186.5625,0.04295931123673816,0.007251220703124978
188.4375,0.04379755031392188,0.007397705078125094
190.31250000000003,0.04464761165893538,0.007545654296874982
192.1875,0.045509529148265546,0.007695068359375001
194.06250000000003,0.046383335569458735,0.00784594726562493
195.9375,0.04726906264383445,0.007998291015624992
197.8125,0.04816674104924285,0.00815209960937513
199.68750000000003,0.049076400442824936,0.008307373046874955
201.5625,0.0499980694837368,0.008464111328124968
203.43750000000003,0.050931775855802476,0.008622314453124946
205.3125,0.051877546290062415,0.008781982421875001
207.1875,0.05283540658718693,0.008943115234375132
209.06250000000003,0.05380538163972686,0.00910571289062495
210.9375,0.05478749545417569,0.009269775390624957
212.81250000000003,0.05578177117281961,0.009435302734374984
214.6875,0.05678823109535444,0.009602294921874976
216.5625,0.05780689670024989,0.009770751953125156
218.43750000000003,0.05883778866584386,0.009940673828124968
220.3125,0.05988092689115139,0.010112060546874968
222.18750000000003,0.060936330516374065,0.010284912109374933
224.0625,0.062004017943098066,0.010459228515624974
225.9375,0.06308400685416977,0.010635009765625147
227.81250000000003,0.06417631423323988,0.010812255859374953
229.6875,0.06528095638396804,0.010990966796874946
231.56250000000003,0.06639794894888118,0.011171142578125015
233.4375,0.06752730692788032,0.011352783203124939
235.3125,0.06866904469639111,0.01153588867187516
237.18750000000003,0.06982317602315487,0.011720458984375015
239.0625,0.07098971408765763,0.011906494140624946
240.93750000000003,0.07216867149719561,0.012093994140624953
242.8125,0.07336006030357632,0.012282958984374925
244.6875,0.07456389201945525,0.012473388671875196
246.56250000000003,0.07578017763430876,0.012665283203124988
248.4375,0.07700892763004455,0.012858642578124857
250.31250000000003,0.07825015199625146,0.013053466796875024
252.1875,0.0795038602450911,0.013249755859374934
254.0625,0.08077006142583387,0.013447509765625143
255.93750000000003,0.08204876413904316,0.013646728515624984
257.8125,0.08333997655041084,0.013847412109375012
259.6875,0.08464370640424851,0.014049560546874895
261.5625,0.08595996103663851,0.014253173828124965
263.4375,0.08728874738824965,0.014458251953125223
265.31250000000006,0.0886300720168221,0.01466479492187489
267.1875,0.08998394110932692,0.014872802734374968
269.0625,0.09135036049380521,0.01508227539062501
270.9375,0.09272933565089242,0.015293212890624908
272.8125,0.09412087172503335,0.015505615234375214
274.68750000000006,0.09552497353539346,0.01571948242187493
276.5625,0.09694164558647232,0.015934814453124946
278.4375,0.09837089207842505,0.016151611328124926
280.3125,0.09981271691709744,0.016369873046874983
282.1875,0.10126712372378094,0.016589599609375227
284.06250000000006,0.10273411584469326,0.016810791015624993
285.9375,0.10421369636019069,0.017033447265624946
287.8125,0.1057058680937179,0.017257568359374864
289.6875,0.10721063362050126,0.01748315429687497
291.5625,0.10872799527599178,0.017710205078125263
293.43750000000006,0.11025795516406303,0.017938720703124966
295.3125,0.11180051516497046,0.018168701171874857
297.1875,0.11335567694307742,0.018400146484374935
299.0625,0.11492344195435403,0.01863305664062498
