dimensionless_time_tau,baseline_time_s,scaled_time_s,baseline_core_oxygen_mol_m3,scaled_core_oxygen_mol_m3,baseline_volume_mean_oxygen_mol_m3,scaled_volume_mean_oxygen_mol_m3
0.0,0.0,0.0,0.0,0.0,0.0,0.0
0.22408963585434177,10.084033613445378,5.042016806722689,0.0017367019304876637,0.0017367019304876637,0.0493942811715831,0.0493942811715831
0.44817927170868355,20.168067226890756,10.084033613445378,0.004629921958643645,0.004629921958643645,0.06245706306554903,0.06245706306554903
0.6722689075630253,30.252100840336134,15.126050420168067,0.006564096129853401,0.006564096129853401,0.06641511433652142,0.06641511433652142
0.8963585434173671,40.33613445378151,20.168067226890756,0.0074192311503656315,0.0074192311503656315,0.06766941311916659,0.06766941311916659
1.120448179271709,50.42016806722689,25.210084033613445,0.00773512260243461,0.00773512260243461,0.06807317653945663,0.06807317653945663
1.3445378151260505,60.50420168067227,30.252100840336134,0.007843217336293376,0.007843217336293376,0.06820386887199327,0.06820386887199327
1.5686274509803926,70.58823529411765,35.294117647058826,0.00787905099004086,0.00787905099004086,0.06824625452537256,0.06824625452537256
1.7927170868347342,80.67226890756302,40.33613445378151,0.007890779225708426,0.007890779225708426,0.06826001034693512,0.06826001034693512
2.0168067226890756,90.7563025210084,45.3781512605042,0.007894598676951177,0.007894598676951177,0.06826447574324541,0.06826447574324541
2.240896358543418,100.84033613445378,50.42016806722689,0.007895840090608874,0.007895840090608874,0.06826592540494897,0.06826592540494897
2.4649859943977597,110.92436974789916,55.46218487394958,0.007896243359843137,0.007896243359843137,0.06826639606004327,0.06826639606004327
2.689075630252101,121.00840336134453,60.50420168067227,0.007896374304343817,0.007896374304343817,0.06826654886443642,0.06826654886443642
2.913165266106443,131.0924369747899,65.54621848739495,0.007896416818542393,0.007896416818542393,0.06826659847428924,0.06826659847428924
3.137254901960785,141.1764705882353,70.58823529411765,0.007896430621408568,0.007896430621408568,0.06826661458073445,0.06826661458073445
3.3613445378151265,151.26050420168067,75.63025210084034,0.00789643510268451,0.00789643510268451,0.06826661980988731,0.06826661980988731
3.5854341736694684,161.34453781512605,80.67226890756302,0.007896436557585406,0.007896436557585406,0.06826662150759506,0.06826662150759506
3.8095238095238098,171.42857142857142,85.71428571428571,0.007896437029936573,0.007896437029936573,0.06826662205877641,0.06826662205877641
4.033613445378151,181.5126050420168,90.7563025210084,0.007896437183291083,0.007896437183291083,0.06826662223772412,0.06826662223772412
4.257703081232494,191.5966386554622,95.7983193277311,0.007896437233079477,0.007896437233079477,0.06826662229582163,0.06826662229582163
4.481792717086836,201.68067226890756,100.84033613445378,0.00789643724924388,0.00789643724924388,0.0682666223146837,0.0682666223146837
4.705882352941177,211.76470588235293,105.88235294117646,0.007896437254491849,0.007896437254491849,0.06826662232080749,0.06826662232080749
4.929971988795519,221.84873949579833,110.92436974789916,0.007896437256195666,0.007896437256195666,0.06826662232279565,0.06826662232279565
5.154061624649861,231.9327731092437,115.96638655462185,0.007896437256748831,0.007896437256748831,0.06826662232344113,0.06826662232344113
5.378151260504202,242.01680672268907,121.00840336134453,0.007896437256928422,0.007896437256928422,0.06826662232365069,0.06826662232365069
5.602240896358544,252.10084033613444,126.05042016806722,0.007896437256986728,0.007896437256986728,0.06826662232371873,0.06826662232371873
5.826330532212886,262.1848739495798,131.0924369747899,0.007896437257005657,0.007896437257005657,0.06826662232374082,0.06826662232374082
6.050420168067228,272.2689075630252,136.1344537815126,0.007896437257011805,0.007896437257011805,0.06826662232374799,0.06826662232374799
6.27450980392157,282.3529411764706,141.1764705882353,0.007896437257013798,0.007896437257013798,0.06826662232375032,0.06826662232375032
6.498599439775911,292.43697478991595,146.21848739495798,0.007896437257014445,0.007896437257014445,0.06826662232375107,0.06826662232375107
6.722689075630253,302.52100840336135,151.26050420168067,0.007896437257014657,0.007896437257014657,0.06826662232375132,0.06826662232375132
6.946778711484594,312.6050420168067,156.30252100840335,0.007896437257014726,0.007896437257014726,0.0682666223237514,0.0682666223237514
7.170868347338937,322.6890756302521,161.34453781512605,0.007896437257014747,0.007896437257014747,0.06826662232375141,0.06826662232375141
7.394957983193279,332.7731092436975,166.38655462184875,0.007896437257014754,0.007896437257014754,0.06826662232375144,0.06826662232375144
7.6190476190476195,342.85714285714283,171.42857142857142,0.007896437257014758,0.007896437257014758,0.06826662232375146,0.06826662232375146
7.843137254901962,352.94117647058823,176.47058823529412,0.007896437257014758,0.007896437257014758,0.06826662232375146,0.06826662232375146
8.067226890756302,363.0252100840336,181.5126050420168,0.007896437257014758,0.007896437257014758,0.06826662232375146,0.06826662232375146
8.291316526610645,373.109243697479,186.5546218487395,0.007896437257014758,0.007896437257014758,0.06826662232375146,0.06826662232375146
8.515406162464988,383.1932773109244,191.5966386554622,0.007896437257014758,0.007896437257014758,0.06826662232375146,0.06826662232375146
8.739495798319329,393.2773109243697,196.63865546218486,0.007896437257014758,0.007896437257014758,0.06826662232375146,0.06826662232375146
8.963585434173671,403.3613445378151,201.68067226890756,0.007896437257014758,0.007896437257014758,0.06826662232375146,0.06826662232375146
9.187675070028012,413.4453781512605,206.72268907563026,0.007896437257014758,0.007896437257014758,0.06826662232375146,0.06826662232375146
9.411764705882353,423.52941176470586,211.76470588235293,0.007896437257014758,0.007896437257014758,0.06826662232375146,0.06826662232375146
9.635854341736696,433.61344537815125,216.80672268907563,0.007896437257014758,0.007896437257014758,0.06826662232375146,0.06826662232375146
9.859943977591039,443.69747899159665,221.84873949579833,0.007896437257014758,0.007896437257014758,0.06826662232375146,0.06826662232375146
10.08403361344538,453.781512605042,226.890756302521,0.007896437257014758,0.007896437257014758,0.06826662232375146,0.06826662232375146
10.308123249299722,463.8655462184874,231.9327731092437,0.007896437257014758,0.007896437257014758,0.06826662232375146,0.06826662232375146
10.532212885154063,473.94957983193274,236.97478991596637,0.007896437257014758,0.007896437257014758,0.06826662232375146,0.06826662232375146
10.756302521008404,484.03361344537814,242.01680672268907,0.007896437257014758,0.007896437257014758,0.06826662232375146,0.06826662232375146
10.980392156862747,494.11764705882354,247.05882352941177,0.007896437257014758,0.007896437257014758,0.06826662232375146,0.06826662232375146
11.204481792717088,504.2016806722689,252.10084033613444,0.007896437257014758,0.007896437257014758,0.06826662232375146,0.06826662232375146
11.428571428571429,514.2857142857142,257.1428571428571,0.007896437257014758,0.007896437257014758,0.06826662232375146,0.06826662232375146
11.652661064425772,524.3697478991596,262.1848739495798,0.007896437257014758,0.007896437257014758,0.06826662232375146,0.06826662232375146
11.876750700280114,534.453781512605,267.2268907563025,0.007896437257014758,0.007896437257014758,0.06826662232375146,0.06826662232375146
12.100840336134455,544.5378151260504,272.2689075630252,0.007896437257014758,0.007896437257014758,0.06826662232375146,0.06826662232375146
12.324929971988798,554.6218487394958,277.3109243697479,0.007896437257014758,0.007896437257014758,0.06826662232375146,0.06826662232375146
12.54901960784314,564.7058823529412,282.3529411764706,0.007896437257014758,0.007896437257014758,0.06826662232375146,0.06826662232375146
12.77310924369748,574.7899159663865,287.39495798319325,0.007896437257014758,0.007896437257014758,0.06826662232375146,0.06826662232375146
12.997198879551823,584.8739495798319,292.43697478991595,0.007896437257014758,0.007896437257014758,0.06826662232375146,0.06826662232375146
13.221288515406163,594.9579831932773,297.47899159663865,0.007896437257014758,0.007896437257014758,0.06826662232375146,0.06826662232375146
13.445378151260506,605.0420168067227,302.52100840336135,0.007896437257014758,0.007896437257014758,0.06826662232375146,0.06826662232375146
13.669467787114849,615.1260504201681,307.56302521008405,0.007896437257014758,0.007896437257014758,0.06826662232375146,0.06826662232375146
13.893557422969188,625.2100840336134,312.6050420168067,0.007896437257014758,0.007896437257014758,0.06826662232375146,0.06826662232375146
14.11764705882353,635.2941176470588,317.6470588235294,0.007896437257014758,0.007896437257014758,0.06826662232375146,0.06826662232375146
14.341736694677873,645.3781512605042,322.6890756302521,0.007896437257014758,0.007896437257014758,0.06826662232375146,0.06826662232375146
14.565826330532214,655.4621848739496,327.7310924369748,0.007896437257014758,0.007896437257014758,0.06826662232375146,0.06826662232375146
14.789915966386557,665.546218487395,332.7731092436975,0.007896437257014758,0.007896437257014758,0.06826662232375146,0.06826662232375146
15.014005602240896,675.6302521008403,337.81512605042013,0.007896437257014758,0.007896437257014758,0.06826662232375146,0.06826662232375146
15.238095238095239,685.7142857142857,342.85714285714283,0.007896437257014758,0.007896437257014758,0.06826662232375146,0.06826662232375146
15.462184873949582,695.7983193277311,347.89915966386553,0.007896437257014758,0.007896437257014758,0.06826662232375146,0.06826662232375146
15.686274509803924,705.8823529411765,352.94117647058823,0.007896437257014758,0.007896437257014758,0.06826662232375146,0.06826662232375146
15.910364145658265,715.9663865546219,357.98319327731093,0.007896437257014758,0.007896437257014758,0.06826662232375146,0.06826662232375146
16.134453781512605,726.0504201680671,363.0252100840336,0.007896437257014758,0.007896437257014758,0.06826662232375146,0.06826662232375146
16.35854341736695,736.1344537815125,368.0672268907563,0.007896437257014758,0.007896437257014758,0.06826662232375146,0.06826662232375146
16.58263305322129,746.218487394958,373.109243697479,0.007896437257014758,0.007896437257014758,0.06826662232375146,0.06826662232375146
16.80672268907563,756.3025210084033,378.1512605042017,0.007896437257014758,0.007896437257014758,0.06826662232375146,0.06826662232375146
17.030812324929975,766.3865546218487,383.1932773109244,0.007896437257014758,0.007896437257014758,0.06826662232375146,0.06826662232375146
17.254901960784316,776.4705882352941,388.2352941176471,0.007896437257014758,0.007896437257014758,0.06826662232375146,0.06826662232375146
17.478991596638657,786.5546218487394,393.2773109243697,0.007896437257014758,0.007896437257014758,0.06826662232375146,0.06826662232375146
17.703081232493,796.6386554621848,398.3193277310924,0.007896437257014758,0.007896437257014758,0.06826662232375146,0.06826662232375146
17.927170868347343,806.7226890756302,403.3613445378151,0.007896437257014758,0.007896437257014758,0.06826662232375146,0.06826662232375146
18.151260504201684,816.8067226890756,408.4033613445378,0.007896437257014758,0.007896437257014758,0.06826662232375146,0.06826662232375146
18.375350140056025,826.890756302521,413.4453781512605,0.007896437257014758,0.007896437257014758,0.06826662232375146,0.06826662232375146
18.599439775910366,836.9747899159663,418.48739495798316,0.007896437257014758,0.007896437257014758,0.06826662232375146,0.06826662232375146
18.823529411764707,847.0588235294117,423.52941176470586,0.007896437257014758,0.007896437257014758,0.06826662232375146,0.06826662232375146
19.04761904761905,857.1428571428571,428.57142857142856,0.007896437257014758,0.007896437257014758,0.06826662232375146,0.06826662232375146
19.271708683473392,867.2268907563025,433.61344537815125,0.007896437257014758,0.007896437257014758,0.06826662232375146,0.06826662232375146
19.495798319327733,877.3109243697479,438.65546218487395,0.007896437257014758,0.007896437257014758,0.06826662232375146,0.06826662232375146
19.719887955182077,887.3949579831933,443.69747899159665,0.007896437257014758,0.007896437257014758,0.06826662232375146,0.06826662232375146
19.943977591036415,897.4789915966386,448.7394957983193,0.007896437257014758,0.007896437257014758,0.06826662232375146,0.06826662232375146
20.16806722689076,907.563025210084,453.781512605042,0.007896437257014758,0.007896437257014758,0.06826662232375146,0.06826662232375146
20.3921568627451,917.6470588235294,458.8235294117647,0.007896437257014758,0.007896437257014758,0.06826662232375146,0.06826662232375146
20.616246498599445,927.7310924369748,463.8655462184874,0.007896437257014758,0.007896437257014758,0.06826662232375146,0.06826662232375146
20.840336134453786,937.8151260504202,468.9075630252101,0.007896437257014758,0.007896437257014758,0.06826662232375146,0.06826662232375146
21.064425770308127,947.8991596638655,473.94957983193274,0.007896437257014758,0.007896437257014758,0.06826662232375146,0.06826662232375146
21.288515406162468,957.9831932773109,478.99159663865544,0.007896437257014758,0.007896437257014758,0.06826662232375146,0.06826662232375146
21.51260504201681,968.0672268907563,484.03361344537814,0.007896437257014758,0.007896437257014758,0.06826662232375146,0.06826662232375146
21.736694677871153,978.1512605042017,489.07563025210084,0.007896437257014758,0.007896437257014758,0.06826662232375146,0.06826662232375146
21.960784313725494,988.2352941176471,494.11764705882354,0.007896437257014758,0.007896437257014758,0.06826662232375146,0.06826662232375146
22.184873949579835,998.3193277310924,499.1596638655462,0.007896437257014758,0.007896437257014758,0.06826662232375146,0.06826662232375146
22.408963585434176,1008.4033613445378,504.2016806722689,0.007896437257014758,0.007896437257014758,0.06826662232375146,0.06826662232375146
22.633053221288517,1018.4873949579832,509.2436974789916,0.007896437257014758,0.007896437257014758,0.06826662232375146,0.06826662232375146
22.857142857142858,1028.5714285714284,514.2857142857142,0.007896437257014758,0.007896437257014758,0.06826662232375146,0.06826662232375146
23.0812324929972,1038.6554621848738,519.3277310924369,0.007896437257014758,0.007896437257014758,0.06826662232375146,0.06826662232375146
23.305322128851543,1048.7394957983192,524.3697478991596,0.007896437257014758,0.007896437257014758,0.06826662232375146,0.06826662232375146
23.529411764705884,1058.8235294117646,529.4117647058823,0.007896437257014758,0.007896437257014758,0.06826662232375146,0.06826662232375146
23.75350140056023,1068.90756302521,534.453781512605,0.007896437257014758,0.007896437257014758,0.06826662232375146,0.06826662232375146
23.97759103641457,1078.9915966386554,539.4957983193277,0.007896437257014758,0.007896437257014758,0.06826662232375146,0.06826662232375146
24.20168067226891,1089.0756302521008,544.5378151260504,0.007896437257014758,0.007896437257014758,0.06826662232375146,0.06826662232375146
24.425770308123255,1099.1596638655462,549.5798319327731,0.007896437257014758,0.007896437257014758,0.06826662232375146,0.06826662232375146
24.649859943977596,1109.2436974789916,554.6218487394958,0.007896437257014758,0.007896437257014758,0.06826662232375146,0.06826662232375146
24.873949579831937,1119.327731092437,559.6638655462185,0.007896437257014758,0.007896437257014758,0.06826662232375146,0.06826662232375146
25.09803921568628,1129.4117647058824,564.7058823529412,0.007896437257014758,0.007896437257014758,0.06826662232375146,0.06826662232375146
25.32212885154062,1139.4957983193276,569.7478991596638,0.007896437257014758,0.007896437257014758,0.06826662232375146,0.06826662232375146
25.54621848739496,1149.579831932773,574.7899159663865,0.007896437257014758,0.007896437257014758,0.06826662232375146,0.06826662232375146
25.7703081232493,1159.6638655462184,579.8319327731092,0.007896437257014758,0.007896437257014758,0.06826662232375146,0.06826662232375146
25.994397759103645,1169.7478991596638,584.8739495798319,0.007896437257014758,0.007896437257014758,0.06826662232375146,0.06826662232375146
26.218487394957986,1179.8319327731092,589.9159663865546,0.007896437257014758,0.007896437257014758,0.06826662232375146,0.06826662232375146
26.442577030812327,1189.9159663865546,594.9579831932773,0.007896437257014758,0.007896437257014758,0.06826662232375146,0.06826662232375146
26.66666666666667,1200.0,600.0,0.007896437257014758,0.007896437257014758,0.06826662232375146,0.06826662232375146
