boundary,radius_um,minimum_oxygen_mol_m3,surface_oxygen_mol_m3,fraction_below_threshold,mass_balance_error
fixed_surface,50,0.19603440802138827,0.2,0.0,4.322604223824883e-11
fixed_surface,100,0.1841714818994613,0.2,0.0,8.365855914357677e-14
fixed_surface,200,0.13737589251703303,0.2,0.0,2.2627982414309322e-14
fixed_surface,300,0.06407200581723159,0.2,0.0,4.543848140639933e-12
fixed_surface,400,0.004204578627720167,0.2,0.05014135742187501,2.0496651398005915e-15
fixed_surface,600,3.2742545130990857e-06,0.2,0.29077539062500013,1.2658880362662047e-16
fixed_surface,800,5.8400705025630644e-09,0.2,0.4433222656250001,1.7163975615279036e-15
finite_transfer,50,0.18024961935510508,0.18419862568444095,0.0,1.3348577456021172e-14
finite_transfer,100,0.15293012413614082,0.16860206810848757,0.0,1.4140182529418413e-09
finite_transfer,200,0.07848046003752984,0.13878214909105213,0.0,3.2814248945683287e-16
finite_transfer,300,0.007896437256547442,0.11571362670400401,0.06104663085937502,6.732626948004671e-13
finite_transfer,400,0.00016047939456104122,0.10584798837263898,0.29077539062500013,4.2671797764587895e-16
finite_transfer,600,2.3951772865997354e-07,0.09826765777417609,0.536376953125,3.7538842917767725e-11
finite_transfer,800,4.715555816244864e-10,0.09502338323505391,0.6556687011718751,5.7665912903133805e-12
